,Ques_argument
0,What possible therapeutical method is helpful to treat AA?
1,What possible therapeutic method is useful to treat AA? 
2,What possible therapeutic method is useful to treat AA? 
3,What is the potential way possible to address Aa? 
4,What possible is the therapeutic method of treatment to treat PC? 
5,Is it useful for a possible therapeutic method for AA treatment? 
6,What therapeutic method is helpful to treat AA? 
7,What is the possible therapeutic method is helpful to treat AA? 
8,What is the potential therapeutic method useful for treating AA? 
9,What possible therapeutic method is useful to treat AA? 
10,What possible treatment methods help to treat AA? 
11,What is the possible therapeutic method useful for treating AA? 
12,What perhaps the therapeutic method is useful to treat AA? 
13,What possible therapeutic method is useful to treat AA? 
14,What possible therapeutic method is useful to treat AA? 
15,Which therapeutic method is helpful in treating AA? 
16,What possible therapeutical method is useful to treat AA? 
17,What a possible therapeutic method is useful to treat AA? 
18,What therapeutic method possible is useful for treating AAs? 
19,Which possible therapeutic method is useful to treat AA? 
20,What a possible therapeutic method is useful for the treatment of AA? 
21,What is the possible therapeutic method is helpful to treat AA? 
22,Which potential therapeutic method is useful for treating AA? 
23,How much therapeutic method is useful in treating aa? 
24,Which therapeutic method is useful to treat AA? 
25,Is the possible therapeutic method useful for treatment of AA? 
26,What possible therapeutic method is useful for treating AA? 
27,What potential therapeutic method is beneficial to treat AA? 
28,What therapeutic methods might be useful for treating AA? 
29,Which therapeutic method could be helpful to treat aa? 
30,What possible therapeutic method is useful for dealing with AA? 
31,What kind of treatment helps to treat AA? 
32,What can I help to treat AA? 
33,What possible therapeutic method is useful to treat AA? 
34,What kind of therapeutic method is useful for treating AA? 
35,Which eventual therapeutic method is useful for treating AA? 
36,What is the therapeutical method that may be useful to treat AA? 
37,What possible therapeutic method is useful to treat AA? 
38,What possible therapeutic method is useful for treating AA? 
39,What treatment method may be useful for AA treatment? 
40,What is the therapeutic method to treat AA? 
41,What Possible Therapeutic Method is useful for treating AA? 
42,What therapeutic method is useful to treat AA? 
43,What is the possible method of the therapeutic method helps to treat AA? 
44,What is the possible therapeutic method is useful for the treatment of AA? 
45,What therapeutic method is useful for the treatment of AA? 
46,What is the possible therapeutic method is useful for the treatment of AA? 
47,What possible therapeutic method is useful for treating AA? 
48,What is the possible way of treating a good treat? 
49,What possible therapeutic method is helpful in treating AA? 
50,What is the treatment method that is beneficial to the treatment of AA? 
51,What possible therapeutic method is useful for the treatment of AA? 
52,What possible therapeutic method help to treat AA? 
53,What potential procedure is helpful to treat AA? 
54,Can treatment methods be useful to treat AA? 
55,What potential therapeutic method is useful to treat AA? 
56,What possible therapeutical method is useful to treat AA? 
